{
  "loss": [
    0.3676348328590393,
    0.12885208427906036,
    0.09603805094957352,
    0.08057183772325516,
    0.07460145652294159,
    0.06446366757154465,
    0.05894149839878082,
    0.05417458340525627,
    0.05329979211091995,
    0.050953980535268784
  ],
  "accuracy": [
    0.883481502532959,
    0.96061110496521,
    0.9705926179885864,
    0.9759073853492737,
    0.9771851897239685,
    0.9798703789710999,
    0.9814629554748535,
    0.9829074144363403,
    0.9829444289207458,
    0.9844444394111633
  ],
  "val_loss": [
    0.061432160437107086,
    0.04473769664764404,
    0.0407143235206604,
    0.03572586178779602,
    0.032382749021053314,
    0.03265567496418953,
    0.029723232612013817,
    0.028637899085879326,
    0.027118168771266937,
    0.027186471968889236
  ],
  "val_accuracy": [
    0.9828333258628845,
    0.987333357334137,
    0.9883333444595337,
    0.9900000095367432,
    0.9900000095367432,
    0.9916666746139526,
    0.9919999837875366,
    0.9923333525657654,
    0.9921666383743286,
    0.9919999837875366
  ],
  "test_loss": 0.02382724918425083,
  "test_accuracy": 0.9915000200271606
}